<?xml version="1.0" encoding="UTF-8"?>
<project-private xmlns="http://www.netbeans.org/ns/project-private/1">
    <editor-bookmarks xmlns="http://www.netbeans.org/ns/editor-bookmarks/2" lastBookmarkId="2">
        <file>
            <url>src/com/server/Server_X_Client.java</url>
            <bookmark id="2">
                <name/>
                <line>71</line>
                <key/>
            </bookmark>
        </file>
    </editor-bookmarks>
    <open-files xmlns="http://www.netbeans.org/ns/projectui-open-files/2">
        <group>
            <file>file:/C:/Users/admin/Documents/NetBeansProjects/ConcurrentPriority/src/com/server/Server_X_Client.java</file>
            <file>file:/C:/Users/admin/Documents/NetBeansProjects/ConcurrentPriority/src/com/server/ServerThreadClients.java</file>
            <file>file:/C:/Users/admin/Documents/NetBeansProjects/ConcurrentPriority/src/com/server/HigherPriorityThread.java</file>
            <file>file:/C:/Users/admin/Documents/NetBeansProjects/ConcurrentPriority/src/com/server/IntermediaryThread.java</file>
        </group>
    </open-files>
</project-private>
